,STAMINA/STORM 2.0,STAMINA/STORM 2.5 (Single Thread),STAMINA/PRISM 2.0,STAMINA/PRISM 1.0
Robot World (64x64),1.8484298E-05,3.6800575E-05,,0.000135820203908
Robot World (32x32),3.53086650000112E-05,3.6800575E-05,0.000109708800102,0.000461657802026
